customer_id,customer_name,customer_address,customer_contact,customer_email,customer_city,customer_country,customer_segment,customer_registration_date,customer_last_purchase_date
224,Natasha Robinson,"847 Martinez Land Suite 654
Jerrymouth, OR 55588",+1-484-734-2076x41357,rodriguezphilip@example.net,East Annamouth,French Guiana,Wholesale,2024-07-16,2024-06-02
714,Chase Miranda,"441 Contreras Tunnel
Port Colton, LA 78927",(622)755-6239,jeffreygiles@example.com,Georgeshire,Tokelau,Retail,2023-03-22,2024-03-28
135,Tamara Wilson,"0949 Meyer Pines
Lake Michaelborough, NJ 91525",569-299-7651x0548,floydkimberly@example.org,Richardburgh,Trinidad and Tobago,Wholesale,2023-10-06,2024-06-28
634,Tina Rice,"Unit 8779 Box 5090
DPO AP 41495",3302680434,colemanjacqueline@example.net,Natashaburgh,Dominican Republic,Retail,2022-09-10,2024-05-10
595,Jessica Hamilton,"799 Boone Walks Apt. 849
Millermouth, SC 64836",+1-926-361-6738x6633,dawn04@example.org,West Mike,Puerto Rico,Corporate,2020-11-21,2024-04-21
19,Christopher Martinez,"25385 Adam Roads Suite 425
Port Johnstad, FM 29423",+1-806-343-2288x934,jamessmith@example.org,North Shannonport,Lesotho,Corporate,2023-06-27,2024-01-07
724,Mark Campbell,"091 Parker Roads
Davidhaven, AR 95101",6849645341,otate@example.org,New Alexandria,Nepal,Corporate,2024-04-25,2024-05-06
721,Diane Turner,"4311 Butler Parkway Apt. 753
Derrickmouth, FL 46113",602-437-8857,teresa09@example.org,Hickshaven,Ukraine,Retail,2021-07-26,2024-08-05
898,Audrey Rodriguez,"55585 Brian Villages
New Kevin, IN 97528",(461)410-2271,cortezvalerie@example.org,Petersburgh,Estonia,Corporate,2024-06-04,2024-02-02
90,Stacey Edwards,"53051 Wood Vista Apt. 124
South Andrew, MP 11056",(356)673-4346,nicholasfletcher@example.net,Lake Seanborough,Liberia,Wholesale,2020-11-25,2024-05-27
202,Kevin Edwards,"954 Joseph Trafficway Suite 066
East Madeline, KS 48017",(250)596-0284,jessica82@example.net,Trevinoside,United States Minor Outlying Islands,Retail,2020-03-19,2024-04-04
791,Christopher Obrien,"2052 Oconnor Ville Apt. 467
Timothyside, LA 43541",255.513.8178,nichole48@example.net,Garybury,Cayman Islands,Corporate,2023-05-17,2024-05-02
120,Kevin Munoz,"695 Randall Station Apt. 105
Smithmouth, NV 07470",+1-959-715-0593x573,hfloyd@example.net,Port Darrell,Kiribati,Wholesale,2020-08-25,2024-07-21
777,Jonathan Cox,"03819 Daniel Gardens Suite 564
Port Davidfort, FL 97240",+1-590-548-8819x41816,igregory@example.org,Port Andrew,Guinea-Bissau,Retail,2024-01-13,2024-04-02
427,Rick Davidson,"898 Michael Circles Suite 999
New Jose, AK 03859",+1-568-501-4921x52862,jessica93@example.com,South Richardmouth,Djibouti,Corporate,2022-07-26,2024-03-30
835,Jamie Rodriguez,"88822 Rebecca Centers Apt. 198
Lake Julie, FM 36802",826-244-5442x870,coreywoods@example.com,Port Natalie,Azerbaijan,Corporate,2020-04-30,2024-03-19
23,Daniel Kent,"876 Isabella Turnpike Suite 612
Potterton, NY 56107",(240)837-2596,rachel47@example.net,Barkerland,Jordan,Wholesale,2024-06-30,2024-01-31
313,Harry Holland,"PSC 2614, Box 4603
APO AE 48894",5532156674,matthew70@example.org,Port Davidburgh,Djibouti,Wholesale,2020-09-13,2024-06-27
244,Brian Robinson,"2384 Jackson Plains Apt. 682
East Brianborough, PA 98997",001-389-688-6161,nathanlloyd@example.org,East Robert,Cuba,Corporate,2021-07-09,2024-06-23
480,Makayla Schmidt,"375 Acevedo Coves Apt. 349
Danielstad, VT 48430",(292)318-1379,vfreeman@example.org,Ibarrahaven,Georgia,Wholesale,2021-06-14,2024-06-26
550,Tammy Benson,"81741 Tanya Circles
Deborahtown, AK 96444",5665959683,jessica08@example.com,Danielburgh,Liberia,Retail,2024-01-21,2024-05-19
198,Mary Bowers,"3704 Richard Drive
Christopherchester, MO 33989",840.738.1149x9518,williamsnicholas@example.com,Port Christopher,Isle of Man,Retail,2024-07-12,2024-02-25
673,Brandon Evans,"0591 Anderson Mountains
Annborough, NE 31241",+1-803-818-6098,jennifermaldonado@example.com,New Raymond,Russian Federation,Retail,2024-06-23,2024-03-27
260,Sydney Martinez,"646 Hopkins Spur
New Jeffrey, AS 19415",590-380-3810x48398,jay75@example.com,Shannonton,Belarus,Retail,2022-07-25,2024-06-25
226,Kevin Fisher,"3628 Raymond Gateway
Patrickburgh, NC 25613",001-656-551-3078x25175,nicholasjordan@example.net,Edwardmouth,Jordan,Wholesale,2021-06-16,2024-02-21
119,Maurice Gray,"52166 Rosales Skyway
North Markland, CO 64592",+1-747-539-2718x862,meghan02@example.org,North Shanechester,French Polynesia,Corporate,2022-09-21,2024-01-03
247,Timothy Jacobson,"03999 Glen Canyon Suite 564
Port Evelynberg, OK 46175",001-763-344-9704x79969,gprice@example.com,South Christopher,Australia,Wholesale,2022-03-25,2024-02-09
368,Melanie Duffy,"136 Heidi Knoll
Michaelside, HI 52375",384-669-0000,kelseymatthews@example.net,Hollyport,Grenada,Wholesale,2023-07-08,2024-04-30
660,Jacob Hines,"2786 Sean Grove Apt. 784
Jamesview, FM 69865",822.378.6893x7386,julie52@example.net,Claytonview,Western Sahara,Corporate,2021-04-07,2024-01-26
463,Amy Nguyen,"60131 Justin Locks
Williamville, UT 20937",818.607.1814x6624,ellen81@example.org,Port Cassandraville,Latvia,Retail,2021-07-08,2024-04-26
66,Bryan Little,"7061 Richardson Extension Suite 472
Jamieview, VT 39620",(393)998-4959,treed@example.com,Jeremyton,Greenland,Wholesale,2023-03-15,2024-04-22
418,Scott Tate,"Unit 6538 Box 3916
DPO AA 52239",864-214-9164,foxann@example.com,Port Brendanland,Korea,Retail,2020-06-08,2024-07-30
982,Cynthia Cox,"PSC 6260, Box 5425
APO AE 86401",(721)771-3388x3679,robert28@example.net,Port Reginabury,Zimbabwe,Retail,2021-08-23,2024-01-12
813,Colleen Taylor,"3459 Taylor Landing
Aaronview, CT 81616",362.274.6413x28737,aliciaprice@example.com,New Kimbury,Comoros,Wholesale,2023-07-29,2024-08-12
986,James Shepard,"71138 Kyle Mount
West Christineburgh, MH 83576",731-914-5233x69660,brandygreene@example.org,Lake Michael,Armenia,Corporate,2023-01-26,2024-02-24
308,Heather Gomez,"6220 Nicole Land Apt. 320
New Theresaville, PR 62555",(958)354-2839x77943,shannonsteven@example.com,Armstrongtown,Switzerland,Retail,2024-07-08,2024-03-17
53,Miss Erika Liu,"50308 Olson Ridge
South Elizabeth, LA 99665",+1-998-266-7178x1765,ushepard@example.net,North Kathleenville,Germany,Corporate,2021-05-26,2024-03-21
205,Marisa Sanchez,"7482 Perez Grove Apt. 220
Tammyborough, TX 80446",001-780-924-7293x2205,christinahunt@example.com,Michellehaven,Libyan Arab Jamahiriya,Corporate,2023-06-04,2024-08-09
836,Kylie Fitzpatrick,"28275 Billy Groves Apt. 444
Loganfurt, WY 63737",3504627268,karenbrown@example.org,Pottsshire,United States Virgin Islands,Corporate,2022-12-01,2024-01-29
229,Alison Hill,"353 Holmes Mount Suite 527
New Jason, TX 39812",961.307.8225x62866,fsantana@example.org,North Glen,Georgia,Corporate,2020-05-15,2024-02-05
851,Joshua Griffith,"76585 Rachel Extension Suite 867
Phillipsshire, HI 09130",001-470-405-6295,jason78@example.org,Toddshire,Bahamas,Corporate,2021-07-10,2024-07-09
398,Rachel Rodriguez,"52425 Kelli Turnpike
West Tanya, MD 70369",+1-742-998-0455x734,lovejustin@example.org,Jenniferfurt,Bosnia and Herzegovina,Retail,2020-10-01,2024-06-22
420,Christina Escobar,"1981 Blake Summit Apt. 675
East Erica, KY 62729",875-776-3534x957,marquezshelly@example.net,Kristenton,Argentina,Corporate,2024-01-14,2024-07-05
974,Whitney Ramos,"65411 Barbara Cliffs
North Scottbury, FL 16987",2696762793,williamsdavid@example.net,Taylortown,Israel,Corporate,2023-11-22,2024-08-12
833,Sharon Cortez,"321 Danny Expressway Apt. 417
Mirandafurt, PW 86822",+1-966-389-8485x8797,warderica@example.net,New Davidberg,Oman,Wholesale,2024-06-19,2024-03-26
433,Michael Berry,"Unit 6385 Box 0947
DPO AE 35566",6702664604,danielsmith@example.net,Coxville,Turkey,Retail,2020-01-27,2024-03-24
560,Patricia Chapman,"8986 Deborah Islands Suite 368
North Christine, IN 03846",001-323-980-8045x4863,reginaldjackson@example.net,Foxberg,Turkey,Wholesale,2020-06-28,2024-04-02
881,Karen Powell,"Unit 9278 Box 0816
DPO AE 36312",997-523-1980,brian00@example.net,West Karl,Saint Kitts and Nevis,Corporate,2021-03-28,2024-06-05
102,Teresa Bush,"81713 Jones Unions Apt. 001
Richardsberg, PR 58465",775-515-4532,stucker@example.org,Shepardfurt,Kiribati,Retail,2021-12-11,2024-01-19
518,Ronald Tucker,"540 Gonzalez Throughway Apt. 965
Wilsonside, TX 27061",(699)655-4031x09053,rosarioshane@example.com,Lake Lisashire,Jamaica,Corporate,2021-09-18,2024-07-03
980,Christopher Campbell,"774 James Manors Apt. 014
Lake Madison, OK 08731",(758)762-0601x650,iphillips@example.com,Ianmouth,Iran,Wholesale,2021-02-16,2024-01-20
874,Brandy Holt,"2446 Elizabeth Lodge
Lake Shanebury, ID 91587",8694353156,rasmussendebra@example.org,Andrewstad,Afghanistan,Wholesale,2022-10-12,2024-02-05
871,Paul Wiley Jr.,"441 Abigail Place
Fordville, PR 36707",(532)913-1734x444,millertimothy@example.net,Port Johnshire,Montenegro,Corporate,2023-10-28,2024-07-24
130,Scott Santos,"5341 Matthew Rest
South David, PW 88730",+1-335-862-2638x499,millerrobert@example.org,Hendersonmouth,South Georgia and the South Sandwich Islands,Retail,2021-01-24,2024-06-10
742,Keith Evans,"89166 Rachel Rue Suite 708
Montgomeryhaven, DC 57007",(567)471-0119x93371,brownchristian@example.com,Lewistown,Denmark,Retail,2022-09-16,2024-05-17
77,Colleen Silva,"PSC 1199, Box 4791
APO AA 93413",629-414-3303,david38@example.net,North Nathanborough,North Macedonia,Wholesale,2021-02-08,2024-02-03
253,Paul Banks,"07235 Roberts Stravenue
East Monique, ME 06928",295-587-1554,zachary36@example.org,Peterchester,Tuvalu,Wholesale,2022-11-17,2024-07-14
990,Kathryn Vargas,"8561 Nicholas Gardens Apt. 752
Beckyville, FL 15638",5542035978,nicholas14@example.com,Copelandmouth,Dominica,Wholesale,2023-08-24,2024-04-27
73,Jeffrey Pitts,"2256 Cynthia Manors
Brandonberg, NM 74035",534.370.2823,kimberly99@example.org,Newmanmouth,Niue,Wholesale,2022-09-06,2024-03-28
123,Steven Clay,"PSC 8279, Box 2997
APO AE 47713",230.245.4484,syoung@example.org,South Amber,Egypt,Corporate,2023-08-05,2024-03-27
362,Holly Lawrence,"USS Alexander
FPO AA 71538",(923)691-4135,longcollin@example.com,Sarahhaven,Eritrea,Retail,2021-11-07,2024-02-24
243,Dr. Sabrina Dixon,"5606 Sutton Forge Suite 543
New Maria, NJ 60275",9992448062,xgalvan@example.org,Kennethmouth,Lebanon,Retail,2024-07-18,2024-04-23
649,Craig Hudson,"USNS Medina
FPO AP 57680",5288617005,adamschristina@example.net,Smithborough,Japan,Retail,2021-04-15,2024-04-25
432,Gregory Henry,"20917 Franklin Stravenue Suite 884
Lisafort, ND 30101",225.668.4432,bowmanjason@example.net,Maryburgh,Switzerland,Wholesale,2024-07-12,2024-01-11
894,Tiffany Werner,"8945 Gonzalez Street Apt. 728
Lake Timothy, NY 57937",+1-345-678-6357x29200,iburns@example.net,Barrettside,Cook Islands,Corporate,2022-06-07,2024-01-18
234,Thomas Mitchell,"1692 Anderson Estates
Rhondaburgh, PR 05197",001-907-824-3097x826,williamjensen@example.org,Braystad,Somalia,Retail,2020-12-18,2024-08-12
872,Amy Weaver,"432 Gregory Meadow
Krystalland, AK 47480",(877)407-8935,melissa37@example.com,Bradleychester,Norfolk Island,Wholesale,2024-03-10,2024-08-06
734,Katherine Mclaughlin,"919 John Squares Apt. 218
East Tina, UT 94079",001-493-935-5206x8355,zrogers@example.org,West Deniseburgh,Saint Vincent and the Grenadines,Retail,2021-07-31,2024-02-29
382,Kathy Hall,"5965 Javier Ford Suite 490
East Davidside, VI 16603",275.678.3499,aaronlynch@example.org,South Danielbury,Barbados,Wholesale,2022-09-17,2024-06-15
621,Matthew Brown,"USCGC Rodriguez
FPO AE 54762",001-553-682-7937x8167,natasha27@example.org,South Donnaport,South Africa,Retail,2023-01-17,2024-03-18
440,Tanya Riley,"262 Valencia Lane Apt. 972
Bassberg, FM 79104",537.447.2157x400,benjamin56@example.net,Thomastown,Brunei Darussalam,Retail,2020-11-13,2024-07-26
591,David Jordan,"75222 Jensen Stream
New Darrylchester, ND 48733",924.855.0291,robert41@example.net,Novaktown,Andorra,Corporate,2022-06-23,2024-03-25
106,Jacob Smith,"01236 Anthony Springs Suite 748
Porterburgh, DE 67176",+1-856-451-6318x08702,vanessa92@example.net,Thomasland,Tajikistan,Wholesale,2020-03-09,2024-04-03
682,Lindsay Butler,"0076 Sean Hills
Lake Marissaside, FM 40925",8447950908,leehannah@example.org,Careymouth,Guam,Wholesale,2020-08-07,2024-07-12
372,Steve Anderson,"356 Johnson Estates
Kathrynton, AK 07130",531-201-7623x93873,cherylbernard@example.org,New Danielle,Ethiopia,Wholesale,2023-11-11,2024-02-20
523,Emily Baker,"USCGC Vazquez
FPO AE 20278",8353834590,bryancarter@example.org,Schmidtberg,Barbados,Wholesale,2024-02-03,2024-04-30
542,Christian Russo,"614 Sandra Meadows Apt. 537
Emmafurt, FL 74217",697-852-5980,oyoung@example.net,Melanieberg,Saint Helena,Corporate,2022-05-15,2024-03-08
472,Brian Thompson,"14022 Michael Cove Suite 348
Davisfurt, RI 44061",+1-513-698-1136x980,zsandoval@example.com,East Reginatown,Bulgaria,Wholesale,2023-01-25,2024-03-10
764,Austin Petty,"8130 Stafford Knoll Apt. 278
East Johnny, PR 60254",(875)764-5145,krista50@example.com,New Lindahaven,Equatorial Guinea,Corporate,2020-04-21,2024-05-05
306,William Hamilton,"USCGC Clarke
FPO AA 40487",+1-674-921-4192,jonathanblankenship@example.org,Port Jamesside,Norfolk Island,Wholesale,2022-05-13,2024-05-05
211,Jessica Bird,"035 Santos Plains Suite 652
Carlmouth, MO 29985",498-254-5247x0986,nancybest@example.net,Lake Jose,Niue,Corporate,2021-12-04,2024-03-09
910,Rita Hogan,"6001 James Roads
New Heather, CT 80420",308-780-8487,ronaldrodriguez@example.com,Flemingport,Saint Vincent and the Grenadines,Corporate,2023-09-09,2024-03-28
737,John Washington,"PSC 4810, Box 8954
APO AP 66326",+1-386-517-2859x58871,lmeadows@example.org,Torresshire,San Marino,Corporate,2021-06-24,2024-03-09
698,Travis Walker,"USS Jones
FPO AE 01382",348-680-5702x66796,carriekennedy@example.net,Amandaview,French Southern Territories,Wholesale,2022-02-04,2024-07-08
419,Lauren Campbell,"250 Lauren Pine
Port Donna, WY 72730",+1-903-883-2317x7019,bhensley@example.org,New Erik,Dominican Republic,Wholesale,2022-06-22,2024-03-14
141,Jesse Molina,"500 Mathis Landing Apt. 525
South Brittneyview, MP 90482",9216738360,fthomas@example.org,New Wayneside,Russian Federation,Retail,2022-06-24,2024-07-14
288,Lisa Turner,"27709 Alejandra Prairie Apt. 035
Christopherton, HI 74394",+1-569-308-4659x641,sandrawood@example.com,Wiseshire,Saint Barthelemy,Retail,2023-05-29,2024-04-02
443,Lisa Perez,"71313 Hoover Lane Apt. 856
Bennettbury, AL 55725",+1-240-704-9356,karen00@example.net,Jeffreyland,Angola,Corporate,2024-01-16,2024-05-06
371,Andrew Foster,"6414 Hunter Roads Apt. 686
Joyborough, GA 13055",001-690-752-1229x599,harry73@example.com,North Melanie,Spain,Corporate,2022-06-25,2024-07-15
92,Dakota Oliver,"8110 Harris Grove
New Daniel, AK 80296",(360)422-0101x996,lewisjared@example.com,West Louis,Korea,Corporate,2020-05-28,2024-05-08
296,Christopher Preston,"Unit 2360 Box 6279
DPO AP 97316",8707539429,nelsontheresa@example.com,Vanceport,Cameroon,Retail,2021-09-25,2024-07-18
559,Rachel Brown,"66217 York Square Apt. 872
Rickyville, NH 78638",6558321172,jacksonjose@example.org,Villaview,Belize,Retail,2024-03-17,2024-05-08
245,Jeremy Peters,"USCGC Brown
FPO AP 97904",592.329.9175x428,christinabrown@example.com,East Anthony,Serbia,Corporate,2021-08-12,2024-03-12
354,Patricia Pacheco,"Unit 8802 Box 0520
DPO AA 42608",590-915-6292x79286,mfowler@example.net,Kingville,Svalbard & Jan Mayen Islands,Wholesale,2024-04-18,2024-06-02
396,Lori Garcia,"7380 Lisa Summit
Melissaville, LA 51561",(433)344-4442,ellen89@example.org,West Michaelstad,Israel,Corporate,2024-08-01,2024-07-27
291,Robert Flores,"5586 Morrison Plains
South Elizabeth, OR 12021",6783899493,pwright@example.org,Lake Rebeccaville,Nigeria,Retail,2023-07-12,2024-04-25
269,Clinton Fuller,"74900 Cody Keys Apt. 851
Reyesstad, AK 50583",722.427.6089x915,pperez@example.org,Bondberg,Lithuania,Retail,2023-06-09,2024-07-04
729,Courtney Wright,"2935 Cook Roads Suite 532
North Cynthia, NM 08296",(640)538-4245x897,elizabeth40@example.com,Lake Matthewtown,Bermuda,Retail,2023-12-19,2024-07-11
389,Howard Keller,"16266 Melissa Villages Apt. 229
Walkerview, IL 09050",+1-708-912-5466x060,zrush@example.org,Gregoryfort,Antigua and Barbuda,Corporate,2023-11-19,2024-04-16
152,Tina Smith,"4738 Ortiz Dale
South Drewchester, NJ 68240",(847)283-3010x7301,ericmartin@example.net,Johnhaven,Chad,Retail,2023-04-02,2024-03-14
79,Willie Mitchell,"220 Christopher Prairie Apt. 070
Schaeferland, MP 99363",497-907-9500,fowlerkrista@example.com,West Brandon,Guernsey,Wholesale,2022-05-23,2024-01-19
370,Tom Carey,"47403 Schultz Falls Suite 743
Cynthiamouth, MI 78559",+1-909-300-5337x55452,alishabutler@example.org,Allisonville,Cyprus,Corporate,2024-06-10,2024-06-05
555,Jacqueline Harrison,"71599 Obrien Springs
Lake Jeffreymouth, TX 76158",328-682-9204x0708,reynoldsjessica@example.org,Connieview,Slovenia,Corporate,2023-08-12,2024-04-06
749,Amy Richards,"75038 Stanley Mission Apt. 885
East William, HI 04888",672.273.1218x458,bmann@example.org,Port Erichaven,Martinique,Retail,2023-07-15,2024-01-26
765,Phillip Cook,"954 Ashley Heights Suite 027
East Michelle, NV 34131",4778895972,jamespadilla@example.com,Port Alexischester,Benin,Corporate,2021-07-12,2024-01-18
381,James Vega,"3038 Robinson Shore Apt. 713
Danielleland, GU 33024",+1-897-940-2843x873,gmoore@example.org,Lake Colin,Antigua and Barbuda,Corporate,2021-11-03,2024-07-26
412,Charles Moore,"PSC 2065, Box 1917
APO AA 91678",001-939-637-1970x79732,brooksanthony@example.com,Josephbury,Pitcairn Islands,Wholesale,2024-01-01,2024-04-15
733,Casey Carter,"78078 Moreno Terrace Apt. 027
Annebury, AZ 27598",709.796.6121,anthonyanderson@example.net,East Dillon,Brazil,Wholesale,2021-04-18,2024-07-23
834,Jessica Dunlap,"Unit 7302 Box 7252
DPO AE 26246",448.648.4209x9725,hgarcia@example.net,Port Kimberlyview,Slovenia,Wholesale,2024-03-02,2024-05-23
63,Joshua Reynolds,"PSC 8655, Box 9384
APO AA 45889",407.548.0620x35131,uleblanc@example.org,Matamouth,Myanmar,Wholesale,2023-06-22,2024-03-19
216,Frances Elliott,"PSC 3231, Box 7842
APO AA 06909",(553)849-1780x0625,daniel32@example.org,Lake Victor,Palau,Corporate,2022-11-21,2024-06-01
754,Anna Flores,"4302 Sophia Crest
Kleinport, NH 38402",922.877.1264,huynhsherry@example.com,East Sarahside,Costa Rica,Retail,2020-07-30,2024-06-18
36,Ann Powell,"09512 Ellis Rue
Lake Donnahaven, HI 39125",001-473-495-3340,cooperjohnny@example.com,Port Thomas,Egypt,Retail,2023-04-10,2024-06-24
825,Samantha Nichols,"USCGC Meyer
FPO AE 30436",(402)929-7816,matthewmiller@example.com,North Jessicabury,Moldova,Corporate,2020-12-03,2024-02-06
179,Martin Sosa,"51642 Perry Forks Apt. 473
West Jacobport, SD 59738",774.687.7189x02916,jared40@example.net,East Amandamouth,Svalbard & Jan Mayen Islands,Retail,2024-07-22,2024-07-14
676,Kathleen Jones,"206 Schaefer Drive Suite 029
Lake Christopherbury, OH 55872",+1-596-324-2715x82231,hneal@example.net,Port Tinaburgh,Djibouti,Corporate,2020-11-25,2024-04-28
118,Tracy Spencer,"3532 Beverly Courts
Lake Jonathanfort, VI 91915",504-829-3568,toddjonathan@example.org,East Tinaland,Saint Kitts and Nevis,Wholesale,2022-10-10,2024-04-12
446,Susan Diaz PhD,"17475 Brooke View
Port Brittanyside, SC 22624",+1-712-671-2406x7070,dschultz@example.org,Amandaview,Honduras,Corporate,2021-09-30,2024-07-22
685,Cody Munoz,"5592 Phelps Island Apt. 050
Sarahborough, FL 03188",+1-809-728-5753x722,eanderson@example.net,South Shannon,Gibraltar,Wholesale,2024-02-19,2024-05-21
474,Francisco Patterson,"138 Chase Viaduct Apt. 266
New Chad, CO 61013",(972)771-8105,phillipsdawn@example.net,New Jasontown,Lesotho,Corporate,2020-03-14,2024-03-08
13,Pamela Davidson,"8235 Elizabeth Points Apt. 389
South Joshua, MT 90772",294.579.0804x45507,mary87@example.net,Port Kristinstad,British Indian Ocean Territory (Chagos Archipelago),Wholesale,2020-07-10,2024-02-02
941,April Church,"USCGC Smith
FPO AP 19138",(729)939-7556x9831,danielle87@example.org,South Sarah,Comoros,Retail,2022-01-03,2024-04-05
842,Kaitlyn Alexander,"1714 Young Ranch
Gutierrezview, AR 40202",347.987.5573x483,heatherkelly@example.org,New Tylertown,Faroe Islands,Retail,2022-11-06,2024-04-11
112,Amanda Brady,"7836 Simmons Walks
Patriciahaven, SC 57263",578.375.7992x47342,james58@example.org,Lake Jeffrey,Sweden,Retail,2023-01-30,2024-01-23
415,Deborah Martinez,"132 Victor Flats
East Jenniferport, DC 97800",(257)921-5323x125,timothy69@example.org,Duranton,Cayman Islands,Retail,2024-07-16,2024-02-14
830,Randy Ellison,"4250 Ortiz Row
Port Madeline, MH 82497",+1-737-496-2680,john10@example.org,North Christopherport,El Salvador,Wholesale,2021-07-01,2024-01-14
259,Elizabeth Moore,"716 Gomez Turnpike Suite 252
West Robertchester, TX 86541",001-395-377-1041x0574,jamesrogers@example.org,Lake David,Germany,Wholesale,2022-12-01,2024-04-15
628,Anthony Montgomery,"786 Tran Isle Apt. 571
Karlafurt, FL 52451",(660)510-7458x850,mollyclayton@example.com,East Shannonport,Mali,Retail,2021-07-04,2024-05-11
359,Kevin Olson,"37623 Davis Via
Williamsbury, SC 33606",(990)972-9621,orobinson@example.net,Hornton,Turks and Caicos Islands,Retail,2022-09-10,2024-08-10
310,Susan Coleman,"1764 Kimberly Run
Wilsonstad, TX 53072",+1-404-333-4910x9694,brownmelanie@example.net,Christensenfort,Jamaica,Corporate,2022-07-06,2024-01-01
852,Robert Henderson,"492 Smith Mall Suite 549
New Michaelland, MS 95437",+1-999-436-5223,debra34@example.net,Port Patricia,Austria,Corporate,2023-04-26,2024-01-10
421,Kimberly Sanchez,"22142 Gregory Forge
Rivasfurt, NM 93530",001-816-716-9255x35254,philip64@example.net,Mitchellbury,Timor-Leste,Retail,2022-01-19,2024-04-13
40,Daniel Benson,"4889 Denise Trail
West Bryan, VI 55379",(529)868-7044x279,kellymiles@example.net,Juanport,Cameroon,Corporate,2023-07-26,2024-01-25
422,Christopher Watts,"4547 Rachel Rapid
North Kathryn, AL 47952",660-226-8545x0421,wlewis@example.net,Perezview,Saudi Arabia,Retail,2022-08-17,2024-06-25
945,Cole Becker,"35008 Dunn Manor Apt. 251
Sharonville, NY 95963",681-511-6935x417,robertruiz@example.net,West Jessicachester,Cote d'Ivoire,Retail,2024-04-07,2024-02-08
311,Brandi Macias,"220 Laura Station Suite 304
Melaniemouth, TN 31060",3612562940,hfitzgerald@example.net,East Jonathanville,Sri Lanka,Retail,2023-12-02,2024-04-20
530,Bradley Barton,"369 Long Road Apt. 732
New Joshua, MP 68936",001-235-409-2278x34518,alicia99@example.com,Lake Daniel,Romania,Retail,2022-02-02,2024-01-31
769,David Adams,"8104 Oliver Village Suite 385
West Judithville, IN 49726",001-541-869-4821x970,qcollins@example.org,Lake Jennifer,Yemen,Wholesale,2024-05-08,2024-07-24
584,Katherine Carson,"13397 Patricia Station Apt. 206
Phillipsberg, TN 63735",447-284-7798x96689,jessicaconner@example.com,Petersberg,Turkey,Corporate,2020-02-06,2024-04-28
906,Gabriel Fowler,"354 Meza River Suite 671
North Christopherland, MP 42536",(918)498-9746x93869,matthewwagner@example.net,West Willietown,Niger,Wholesale,2022-10-21,2024-05-29
413,Michelle Pope,"82303 Debra Turnpike
New Kathymouth, ND 19473",738.728.3291x845,paulwade@example.com,Wareport,Rwanda,Retail,2020-02-19,2024-02-22
983,David Garcia Jr.,"6185 Jennifer Burg
Anthonyside, ID 01977",393.363.9987x8316,joseph60@example.org,Lindashire,Botswana,Wholesale,2020-07-24,2024-07-01
762,Martin Waters,"2496 Wallace Ports
New Angela, WV 70675",690.486.6141,dale13@example.org,Port James,Falkland Islands (Malvinas),Retail,2020-05-24,2024-05-19
687,Stanley Vega,"592 Walker Cove Apt. 509
Mackmouth, MI 77762",884.752.4162x6785,woodstephanie@example.com,Ericview,United Kingdom,Wholesale,2023-10-10,2024-04-03
181,Heather Ellison,"30442 Smith Place
South Matthewland, PA 83399",+1-803-657-9860x7152,brewergail@example.com,New Matthew,Peru,Wholesale,2020-06-14,2024-06-22
302,Cynthia Cannon,"842 Nichols Squares
Floresport, AL 39824",949-549-0107,bakerwendy@example.net,New Kimberlyhaven,Syrian Arab Republic,Corporate,2022-05-11,2024-01-02
727,Lisa Thompson,"44196 Nancy Track Suite 386
Lake Robert, OK 66305",235-712-8414,parsonsashley@example.com,South Gabrielleburgh,Norfolk Island,Retail,2022-07-27,2024-03-27
949,Diane King,"3203 Floyd Dale
West Johnville, WA 01501",+1-881-866-1570,christinemiller@example.org,Murrayberg,Botswana,Retail,2023-03-27,2024-01-27
332,Earl Ortega,"25093 Dustin Summit Apt. 991
Riveraton, NM 48624",001-767-427-7790,qgordon@example.com,Dustinbury,Kazakhstan,Retail,2023-05-25,2024-07-08
735,John Molina,"49348 Frank Road Apt. 927
South Ashley, OR 29427",001-383-891-7678x34695,emilystewart@example.net,North Gabrielle,South Georgia and the South Sandwich Islands,Wholesale,2021-09-18,2024-01-03
20,Taylor Torres,"0397 Peters Drives Apt. 050
West Hollyburgh, NH 32892",(697)310-4168x09492,raymondcole@example.org,West Tonya,Albania,Wholesale,2022-07-12,2024-06-29
507,Joseph Potts,"77227 Gabriella Avenue Apt. 368
Amberbury, VA 35271",5867592517,snowstephanie@example.org,New Jason,Guinea,Corporate,2024-05-18,2024-03-26
76,Joshua Cox DDS,"85098 Dean Shoals
Ebonyborough, UT 24665",492-372-0496x30253,cameronmaureen@example.com,Yangfort,Yemen,Wholesale,2021-01-03,2024-07-24
822,John Hill,"1978 Flores Forks Suite 363
Alexandriachester, WV 69414",001-902-649-6224,tarawhitaker@example.net,Port Samuel,Brunei Darussalam,Corporate,2020-01-27,2024-07-10
998,Samantha Cox,"USNS Parks
FPO AE 15135",001-299-869-6687x92384,mark29@example.net,Vanceland,Venezuela,Retail,2020-11-02,2024-01-14
784,Jason Armstrong,"766 Kristy Forks
Port Ashleytown, MP 18911",971.600.9668x8875,nicholas23@example.net,Henryborough,Saint Vincent and the Grenadines,Corporate,2020-04-08,2024-03-10
639,Thomas Morales,"33074 Lisa Meadow
East Brian, NV 92207",938.603.5377x9544,ppeterson@example.net,East Graceville,New Zealand,Wholesale,2020-10-21,2024-03-29
805,Gregory Doyle MD,"089 Edward Canyon
Lake Austintown, AL 02662",895-685-5065,karisnow@example.org,Lake Jessicahaven,New Zealand,Retail,2021-05-28,2024-05-27
996,Jeanette Hess,"76221 Parrish Vista Suite 944
Hardystad, PW 46426",379-868-9174,mclark@example.net,Stewarttown,Congo,Wholesale,2021-11-17,2024-01-23
844,Michelle Mendez,"712 Crystal Club Apt. 313
East Douglas, MT 85621",+1-964-907-3125x53612,mmartinez@example.net,North Nancy,Myanmar,Corporate,2021-04-24,2024-01-22
169,Timothy Rodriguez,"183 Jennings Viaduct Suite 053
East Bradleyville, OK 54521",001-703-295-0921x45591,cynthia96@example.net,Phamtown,Egypt,Corporate,2020-09-22,2024-08-06
569,Joshua Hill,"37070 David Estates Apt. 852
Millerville, VI 25103",001-233-253-4481,mitchell50@example.net,Andrewborough,Niger,Corporate,2022-01-23,2024-06-07
67,Tina Long,"9767 Barbara Hollow
Melissaville, SC 97711",4924927532,dominguezchristopher@example.net,Ruizbury,Cuba,Corporate,2021-08-20,2024-01-30
428,Alexander Moore,"6158 Kimberly Glens Suite 837
New Norma, MN 39900",+1-869-955-0724x131,vcowan@example.com,Port Andrew,United Arab Emirates,Retail,2021-01-04,2024-05-20
985,Carolyn Mcdaniel,"7875 Barbara Crossing Suite 745
Port Jeremiahmouth, WY 24311",(349)443-8686x73277,jonathanreese@example.com,New Kyle,Canada,Retail,2022-04-16,2024-06-11
968,Jocelyn Brown,"558 Barnett River Suite 051
Montoyaland, WY 31984",567-407-1157,timothy96@example.org,Fosterport,Turkmenistan,Wholesale,2024-05-06,2024-06-09
908,Kara Carr,"2370 Robinson Locks
New Melanie, NC 25748",(443)326-8634,reynoldsregina@example.org,New Crystalmouth,Martinique,Wholesale,2020-06-14,2024-03-31
665,Harold Price,"27457 Sheila Center
Katieport, ME 77281",707.624.3278x11234,samuel31@example.org,East Christina,United Kingdom,Wholesale,2022-04-03,2024-03-16
760,Tyler Castillo,"3703 Steven Forest Apt. 808
East Danielhaven, NC 92276",409-625-7231x9110,masonchristine@example.org,New Stevenland,Sri Lanka,Corporate,2024-07-31,2024-02-18
65,Annette Knox,"51747 Suzanne Club Suite 700
Silvaburgh, SD 17526",7552187341,stephen77@example.net,New Alexisstad,Papua New Guinea,Retail,2023-01-29,2024-05-17
826,Diana Poole,"34373 Melissa Circles
Mcneilchester, RI 68922",407-793-9363x630,hyoung@example.org,Garnerchester,Cambodia,Retail,2020-02-28,2024-05-11
47,Michelle Ruiz,"71569 Skinner Extension Apt. 761
West Michaelshire, GU 62219",723.935.7304x9799,leonard53@example.com,South Lisaburgh,Belarus,Wholesale,2022-01-26,2024-07-17
850,Larry Fletcher,"847 Brandon Greens Apt. 248
Port Vincent, ID 10329",274.487.6219x7749,craigjennifer@example.net,South Mike,Comoros,Wholesale,2022-02-22,2024-03-12
691,Travis Maddox,"0000 Graham Station
New Jerryberg, WI 34523",(203)520-4397x84891,jessica32@example.org,Colefurt,Gibraltar,Corporate,2020-06-22,2024-07-22
688,Ronald Williams,"44769 Jesus Row
Port Mikayla, NY 53958",001-401-464-1877x6796,uking@example.net,Lanestad,Cayman Islands,Retail,2023-10-13,2024-07-18
240,Richard May,"6887 Petty Port Suite 079
Port Christopher, DC 72080",(225)655-8849x435,jasonherman@example.org,Evansside,Mayotte,Corporate,2022-06-05,2024-07-12
344,Kevin Willis,"957 Michael Harbor Suite 989
Clarkmouth, MD 23361",255.337.8262,brentbeltran@example.org,New Linda,North Macedonia,Corporate,2022-02-27,2024-08-08
435,Jennifer Martin,"PSC 8886, Box 8511
APO AA 49438",269-547-2286x368,john61@example.com,Oconnellmouth,Eritrea,Corporate,2024-07-05,2024-06-09
352,Christopher Davis,"9818 Davis Skyway Suite 714
East Austinberg, CT 46749",934-532-7000,grayamanda@example.org,North Michaelhaven,Cayman Islands,Retail,2022-05-02,2024-07-03
514,Meghan Smith,"2194 Taylor Land
South Jennifer, SC 14560",001-836-653-4020x02142,anthony49@example.org,Jasonton,Panama,Corporate,2023-04-25,2024-03-03
849,Caitlin May,"996 Kristina Greens
Michaelburgh, NM 97388",001-901-907-5675x995,ericmartinez@example.com,Moseshaven,Bahamas,Retail,2024-06-07,2024-06-07
521,Stacey Brown,"Unit 3574 Box 3975
DPO AA 08626",8987838687,melissa60@example.net,Guzmanchester,Guinea-Bissau,Wholesale,2021-01-26,2024-07-13
301,Kimberly Myers,"82105 Tammie Summit
Kellytown, ID 10204",+1-752-507-1842x34464,cflowers@example.com,Sanchezchester,Samoa,Corporate,2021-05-25,2024-05-17
343,Caroline Lewis,"02025 Cynthia Way
Donnafort, PR 08201",001-504-509-0875x864,michael85@example.org,Allenmouth,Iran,Retail,2021-06-03,2024-01-19
803,Stacey Zimmerman,"8727 Fitzgerald Forest Apt. 707
Cobbshire, WY 27726",+1-976-336-7059x36062,meltonchristopher@example.org,Lake John,Bangladesh,Wholesale,2020-11-17,2024-03-12
462,Amanda Jones,"21110 Maria Garden Suite 699
East Calvinstad, NJ 08744",(705)473-1807,williamsmelissa@example.org,East Shawn,Lebanon,Corporate,2023-02-06,2024-04-09
483,Julia Vaughan PhD,"909 Matthew Parkways Apt. 384
Walkerside, KY 58208",+1-668-552-1814x5130,susan52@example.org,Jonesshire,Taiwan,Wholesale,2023-11-23,2024-05-25
200,Chelsea Bradshaw,"USNS Wright
FPO AA 45095",001-524-612-8547x12142,john52@example.com,East Suzanne,Greenland,Corporate,2022-10-02,2024-02-08
150,Tonya Stevens,"690 Krystal Groves
Micheleberg, AL 49871",428.460.7731x7354,terri04@example.net,West Maria,Iceland,Wholesale,2023-11-28,2024-03-14
377,Barbara Olson,"747 Hughes Ville
Port Christopherborough, VT 18005",+1-583-788-5620x79253,susansweeney@example.com,South Linda,Dominican Republic,Wholesale,2021-03-30,2024-02-02
71,Peggy Holder,"8024 Hurst Radial Suite 351
Port Jacobport, SD 62333",780.876.6672x486,benjaminwhite@example.net,South Matthew,Singapore,Retail,2020-09-26,2024-03-03
625,Brittany Taylor,"424 Laurie Drives Apt. 335
Grahamburgh, UT 73400",001-589-481-4169x6824,thomas09@example.net,South Justin,Netherlands Antilles,Wholesale,2024-08-03,2024-05-23
752,Justin Jones,"07830 Ochoa Valley Apt. 881
West Jesse, MN 34544",+1-598-998-7261x45164,amber57@example.net,Arellanoside,Falkland Islands (Malvinas),Corporate,2020-10-16,2024-03-18
91,Joyce Sullivan,"55985 Sandoval Roads Apt. 370
Torresside, ID 34689",+1-261-455-3944x584,jshort@example.com,Lake Davidland,Central African Republic,Corporate,2022-12-05,2024-06-01
349,James Berger,"930 Matthew Junctions Apt. 586
Hickmanfort, PA 08179",+1-630-542-8126,lawrence25@example.com,Lake Kathryn,Congo,Retail,2021-12-30,2024-06-13
195,Carol Wagner,"084 Wright Harbor Apt. 919
North Joannfurt, KS 14433",(721)851-8898x01177,daniel02@example.org,Lake Bethany,Bermuda,Wholesale,2020-01-29,2024-05-27
59,Kimberly Kramer,"444 Patricia Inlet
South Michaelfort, MS 97049",+1-778-559-1506x1522,kellysoto@example.com,South Julieborough,Angola,Wholesale,2023-04-07,2024-07-06
61,Amy Alexander,"38669 Dennis Streets Apt. 293
Lake Laurafurt, WV 78332",7474464045,martinrebecca@example.net,Michelleland,Madagascar,Wholesale,2021-09-10,2024-04-18
46,Shawn Stewart,"063 Alexa Ports
Harrismouth, OH 17045",427.968.4869x8369,nicholas99@example.org,Lake Miguel,Vanuatu,Retail,2020-07-18,2024-06-12
693,Nathan Brown,"01969 Anne Passage
Richardborough, WY 51628",854.952.9453,christopher88@example.org,Smithville,Guernsey,Corporate,2021-08-04,2024-05-17
